{"accuracy": [0.4623091518878937, 0.6996660232543945, 0.739503800868988, 0.7361640930175781, 0.7457060813903809, 0.7485687136650085, 0.7423664331436157, 0.7531011700630188, 0.7449904680252075, 0.7495229244232178, 0.7583492398262024, 0.7576335668563843, 0.7566794157028198, 0.7519084215164185, 0.7612118124961853, 0.7681297659873962, 0.7638359069824219, 0.7652671933174133, 0.7724236845970154, 0.7743320465087891, 0.7824427485466003, 0.78125, 0.7755247950553894, 0.7850667834281921, 0.794847309589386, 0.7879294157028198, 0.7936545610427856, 0.7881679534912109, 0.7950859069824219, 0.8017652630805969, 0.8058205842971802, 0.8091602921485901, 0.8141698241233826, 0.8036736845970154, 0.8058205842971802, 0.8136927485466003, 0.8132156729698181, 0.8172709941864014, 0.816078245639801, 0.8232347369194031, 0.8163167834281921, 0.8327767252922058, 0.8148854970932007, 0.8306297659873962, 0.8237118124961853, 0.8287213444709778, 0.829675555229187, 0.8287213444709778, 0.8251431584358215, 0.826574444770813, 0.8404102921485901, 0.8342080116271973, 0.833253800868988, 0.8382633328437805, 0.8349236845970154, 0.8370705842971802, 0.8408874273300171, 0.8399332165718079, 0.8466125726699829, 0.8435114622116089], "f1_score": [0.3347106873989105, 0.1924310028553009, 0.058620672672986984, 0.033216774463653564, 0.01841619983315468, 0.024074068292975426, 0.014598537236452103, 0.02081361785531044, 0.030825017020106316, 0.038461532443761826, 0.0629047080874443, 0.07636363059282303, 0.07942236959934235, 0.09407664090394974, 0.1538461297750473, 0.18043842911720276, 0.17774082720279694, 0.19078946113586426, 0.2535210847854614, 0.25862064957618713, 0.3132529854774475, 0.3015993535518646, 0.32641369104385376, 0.35226452350616455, 0.37226274609565735, 0.3847750127315521, 0.40874913334846497, 0.4119204580783844, 0.4359816014766693, 0.4441470801830292, 0.4782050848007202, 0.4891442358493805, 0.5152457356452942, 0.4922886788845062, 0.5012254118919373, 0.5176034569740295, 0.5402230620384216, 0.5725445747375488, 0.5571510195732117, 0.5820642113685608, 0.575991153717041, 0.6120641231536865, 0.5800865292549133, 0.6107455492019653, 0.6112571954727173, 0.6256516575813293, 0.620212733745575, 0.6240836977958679, 0.6262110471725464, 0.6258362531661987, 0.6622917056083679, 0.6382092833518982, 0.6568482518196106, 0.656186580657959, 0.656745970249176, 0.6569563150405884, 0.6719133853912354, 0.6722031831741333, 0.6796212196350098, 0.6771652698516846], "loss": [0.7209142446517944, 0.6198611259460449, 0.5791104435920715, 0.5642709732055664, 0.5391101837158203, 0.5135179162025452, 0.4992629885673523, 0.4808521866798401, 0.4736461639404297, 0.46577590703964233, 0.44399070739746094, 0.4477546215057373, 0.4411892592906952, 0.4424267113208771, 0.43768155574798584, 0.43245214223861694, 0.4235106110572815, 0.4284669756889343, 0.42763176560401917, 0.42005687952041626, 0.4221046268939972, 0.4142187833786011, 0.42210090160369873, 0.41366782784461975, 0.4045114517211914, 0.41448619961738586, 0.4062687158584595, 0.40140411257743835, 0.4122057855129242, 0.39695924520492554, 0.39279070496559143, 0.4011865258216858, 0.3932264447212219, 0.404388964176178, 0.3973693251609802, 0.3858628273010254, 0.4015823304653168, 0.3989914059638977, 0.38678792119026184, 0.3835260272026062, 0.38605791330337524, 0.37279176712036133, 0.3884464502334595, 0.37689006328582764, 0.3757628798484802, 0.3842160105705261, 0.380561500787735, 0.3771122992038727, 0.37083062529563904, 0.37101301550865173, 0.36987265944480896, 0.3580402135848999, 0.37479427456855774, 0.3650032579898834, 0.3678559362888336, 0.3692096471786499, 0.3541404902935028, 0.3588510751724243, 0.348362535238266, 0.3561142683029175], "precision": [0.24137930572032928, 0.2879078686237335, 0.26153847575187683, 0.3333333432674408, 0.25, 0.31707316637039185, 0.3636363744735718, 0.37931033968925476, 0.53125, 0.47727271914482117, 0.6938775777816772, 0.699999988079071, 0.6376811861991882, 0.701298713684082, 0.7711864113807678, 0.718120813369751, 0.6445783376693726, 0.7295597195625305, 0.7751196026802063, 0.72052401304245, 0.7647058963775635, 0.6947368383407593, 0.7058823704719543, 0.7142857313156128, 0.7103064060211182, 0.727748692035675, 0.7437810897827148, 0.6895787119865417, 0.6845360994338989, 0.7361419200897217, 0.7159308791160583, 0.7495107650756836, 0.7237762212753296, 0.7163375020027161, 0.7027491331100464, 0.716239333152771, 0.7022900581359863, 0.7349570393562317, 0.690883219242096, 0.6954177618026733, 0.7001338601112366, 0.7219321131706238, 0.6943005323410034, 0.694513738155365, 0.6900237798690796, 0.6976743936538696, 0.6858823299407959, 0.6780432462692261, 0.6891133785247803, 0.6785714030265808, 0.7084233164787292, 0.698177695274353, 0.6968749761581421, 0.6979503631591797, 0.6741344332695007, 0.700214147567749, 0.6948118209838867, 0.7013251781463623, 0.6973415017127991, 0.7092783451080322], "recall": [0.5457170605659485, 0.14450867474079132, 0.03300970792770386, 0.017479300498962402, 0.009560229256749153, 0.012512031011283398, 0.0074487896636128426, 0.010700388811528683, 0.01587301678955555, 0.020038167014718056, 0.03294573724269867, 0.04038461670279503, 0.042348410934209824, 0.05042016878724098, 0.08544600754976273, 0.10318225622177124, 0.10308285057544708, 0.10974456369876862, 0.1515434980392456, 0.15759311616420746, 0.19696970283985138, 0.19260700047016144, 0.21229049563407898, 0.23377862572669983, 0.25222551822662354, 0.2615239918231964, 0.28180962800979614, 0.2936732769012451, 0.31984585523605347, 0.3180076479911804, 0.3589990437030792, 0.3630331754684448, 0.4000000059604645, 0.375, 0.38952380418777466, 0.40522244572639465, 0.43893128633499146, 0.46892139315605164, 0.4667949974536896, 0.5004849433898926, 0.489242285490036, 0.5312199592590332, 0.49814125895500183, 0.5450097918510437, 0.5486307740211487, 0.5671077370643616, 0.5660194158554077, 0.5780795216560364, 0.5738317966461182, 0.580706775188446, 0.62180095911026, 0.5877277255058289, 0.621169924736023, 0.619138777256012, 0.6402320861816406, 0.6187322735786438, 0.6504762172698975, 0.6454033851623535, 0.6627793908119202, 0.647834300994873], "val_accuracy": [0.7390202879905701, 0.7339527010917664, 0.744087815284729, 0.7263513803482056, 0.7271959185600281, 0.7356418967247009, 0.7474662065505981, 0.744087815284729, 0.7364864945411682, 0.7263513803482056, 0.7432432174682617, 0.7263513803482056, 0.7322635054588318, 0.7466216087341309, 0.7204391956329346, 0.7542229890823364, 0.7331081032752991, 0.7516891956329346, 0.7609797120094299, 0.7795608043670654, 0.7626689076423645, 0.7711148858070374, 0.8006756901741028, 0.7846283912658691, 0.8091216087341309, 0.8040540814399719, 0.8167229890823364, 0.7930743098258972, 0.8158783912658691, 0.7998310923576355, 0.8048986196517944, 0.7939189076423645, 0.8099662065505981, 0.7989864945411682, 0.8099662065505981, 0.8125, 0.8201013803482056, 0.8209459185600281, 0.8057432174682617, 0.8251689076423645, 0.7913851141929626, 0.8277027010917664, 0.8158783912658691, 0.8074324131011963, 0.8277027010917664, 0.8099662065505981, 0.8082770109176636, 0.8420608043670654, 0.8175675868988037, 0.8167229890823364, 0.8015202879905701, 0.8226351141929626, 0.8302364945411682, 0.8209459185600281, 0.8226351141929626, 0.8167229890823364, 0.8285472989082336, 0.8268581032752991, 0.8285472989082336, 0.8167229890823364],