{"accuracy": [0.7280534505844116, 0.736402690410614, 0.7485687136650085, 0.7516698241233826, 0.7478530406951904, 0.7471374273300171, 0.7595419883728027, 0.7562022805213928, 0.7514312863349915, 0.7662213444709778, 0.7695610523223877, 0.7864980697631836, 0.7927004098892212, 0.8096374273300171, 0.8000954389572144, 0.8055820465087891, 0.8184637427330017, 0.8105915784835815, 0.8175095319747925, 0.8232347369194031, 0.8237118124961853, 0.8234732747077942, 0.8270515203475952, 0.8361164331436157, 0.8339694738388062, 0.8349236845970154, 0.8354007601737976, 0.8354007601737976, 0.8382633328437805, 0.8370705842971802, 0.8377862572669983, 0.8413645029067993, 0.836593508720398, 0.8423187136650085, 0.8449427485466003, 0.8430343270301819, 0.8425572514533997, 0.8485209941864014, 0.8497137427330017, 0.8478053212165833, 0.8470897078514099, 0.8518607020378113, 0.8499522805213928, 0.8451812863349915, 0.8602099418640137, 0.8532919883728027, 0.8468511700630188, 0.854246199131012, 0.8563931584358215, 0.8532919883728027, 0.8633110523223877, 0.8630725145339966, 0.8520992398262024, 0.8535305261611938, 0.8583015203475952, 0.8680820465087891, 0.8606870174407959, 0.854246199131012, 0.8602099418640137, 0.8585400581359863, 0.8616412281990051, 0.8668892979621887, 0.8699904680252075, 0.8683205842971802, 0.8656965494155884, 0.8642652630805969, 0.8695133328437805, 0.8697519302368164, 0.8707060813903809, 0.8747614622116089, 0.8802480697631836, 0.8745229244232178, 0.8685591816902161, 0.8769084215164185, 0.8776240348815918, 0.8797709941864014, 0.8771469593048096, 0.8759542107582092, 0.8773854970932007, 0.8745229244232178, 0.8740457892417908, 0.8766698241233826, 0.8797709941864014, 0.885019063949585, 0.8740457892417908, 0.888597309589386, 0.8795324563980103, 0.885496199131012, 0.8781011700630188, 0.8864504098892212], "f1_score": [0.07014679163694382, 0.01602848619222641, 0.014953266829252243, 0.016997164115309715, 0.020389245823025703, 0.013035380281507969, 0.03816793113946915, 0.04307115823030472, 0.09075042605400085, 0.18196992576122284, 0.25692304968833923, 0.34336018562316895, 0.4171696603298187, 0.47774866223335266, 0.47295594215393066, 0.5057609677314758, 0.5573006868362427, 0.5498865842819214, 0.568040668964386, 0.5844082236289978, 0.6100262999534607, 0.5960698127746582, 0.6170099973678589, 0.6355436444282532, 0.628997802734375, 0.6425619125366211, 0.6413720846176147, 0.6468781232833862, 0.6519507169723511, 0.6466631293296814, 0.6586344838142395, 0.6773409843444824, 0.6524606347084045, 0.6598044037818909, 0.675972044467926, 0.6558576822280884, 0.6796115636825562, 0.6851759552955627, 0.6834170818328857, 0.6893864870071411, 0.6837691068649292, 0.7027285099029541, 0.6933202743530273, 0.686927080154419, 0.7107600569725037, 0.7010208368301392, 0.6907513737678528, 0.7069544196128845, 0.7083332538604736, 0.7108602523803711, 0.7295894026756287, 0.7166830897331238, 0.7100093364715576, 0.7078971266746521, 0.7073891162872314, 0.729584276676178, 0.7260786890983582, 0.7086313366889954, 0.7107599973678589, 0.7230265736579895, 0.7299813032150269, 0.7370404601097107, 0.7370958924293518, 0.7341039180755615, 0.7315211892127991, 0.7291765809059143, 0.7430717945098877, 0.7402473092079163, 0.7394229769706726, 0.7534052729606628, 0.7577219605445862, 0.7492849230766296, 0.744315505027771, 0.7540513873100281, 0.758132815361023, 0.7636021375656128, 0.7594581246376038, 0.7507189512252808, 0.7535953521728516, 0.7528194785118103, 0.7582416534423828, 0.7567057609558105, 0.76226407289505, 0.7702573537826538, 0.7480915784835815, 0.780235230922699, 0.7630219459533691, 0.774223804473877, 0.7527817487716675, 0.7802400588989258], "loss": [0.5898083448410034, 0.576781690120697, 0.5475535988807678, 0.5242239832878113, 0.5081785917282104, 0.4860538840293884, 0.4683808982372284, 0.44809767603874207, 0.44063273072242737, 0.4276629090309143, 0.43353021144866943, 0.41193345189094543, 0.4146791398525238, 0.3849433958530426, 0.39854341745376587, 0.39295488595962524, 0.3767588138580322, 0.38786253333091736, 0.3820018768310547, 0.3770362138748169, 0.37855076789855957, 0.3722210228443146, 0.37362611293792725, 0.36761540174484253, 0.37014660239219666, 0.3713419437408447, 0.3660764694213867, 0.36355021595954895, 0.3641909658908844, 0.362203449010849, 0.35753265023231506, 0.3563837707042694, 0.35338911414146423, 0.34783250093460083, 0.3585227429866791, 0.34171876311302185, 0.3520219326019287, 0.3470064401626587, 0.33305859565734863, 0.3390445113182068, 0.34272146224975586, 0.34175148606300354, 0.336928129196167, 0.34052321314811707, 0.33018967509269714, 0.3347679078578949, 0.3381282687187195, 0.33063289523124695, 0.3243717551231384, 0.335010826587677, 0.32002976536750793, 0.3144477307796478, 0.3236066699028015, 0.33731767535209656, 0.3230022192001343, 0.3107902407646179, 0.32975077629089355, 0.32283127307891846, 0.3159478008747101, 0.31753796339035034, 0.31770071387290955, 0.3051607310771942, 0.3101394772529602, 0.30366161465644836, 0.304564893245697, 0.3068382143974304, 0.3081875741481781, 0.3020451068878174, 0.2983320951461792, 0.2990400791168213, 0.29001784324645996, 0.3038293421268463, 0.30083444714546204, 0.28925684094429016, 0.29268261790275574, 0.2851189970970154, 0.2873721122741699, 0.2896566092967987, 0.28305941820144653, 0.2833496332168579, 0.2904537320137024, 0.28836527466773987, 0.2858370542526245, 0.27278652787208557, 0.2853197157382965, 0.27161797881126404, 0.26879701018333435, 0.2775801718235016, 0.27510133385658264, 0.2797817587852478], "precision": [0.20975609123706818, 0.18000000715255737, 0.3199999928474426, 0.4285714328289032, 0.5789473652839661, 0.6363636255264282, 0.6896551847457886, 0.71875, 0.6933333277702332, 0.7465753555297852, 0.7016806602478027, 0.7572815418243408, 0.7182447910308838, 0.7448979616165161, 0.6988847851753235, 0.6926910281181335, 0.6972343325614929, 0.698847234249115, 0.687158465385437, 0.6900662183761597, 0.7057387232780457, 0.6842105388641357, 0.6977300047874451, 0.7331701517105103, 0.6933019757270813, 0.7240977883338928, 0.6963882446289062, 0.7037861943244934, 0.7016574740409851, 0.6998879909515381, 0.6993603706359863, 0.7137014269828796, 0.6768420934677124, 0.6997816562652588, 0.735357940196991, 0.6958934664726257, 0.7246376872062683, 0.7051020264625549, 0.7053942084312439, 0.7173252105712891, 0.704984724521637, 0.7153996229171753, 0.708167314529419, 0.7014778256416321, 0.7121661901473999, 0.7195608615875244, 0.7141434550285339, 0.71138995885849, 0.7062801718711853, 0.7165876626968384, 0.7271872162818909, 0.7231075763702393, 0.7133458852767944, 0.7237353920936584, 0.6964112520217896, 0.7445109486579895, 0.7392550110816956, 0.7096465826034546, 0.7045009732246399, 0.7267605662345886, 0.7327103018760681, 0.7315247654914856, 0.7353224158287048, 0.739088237285614, 0.7311725616455078, 0.7295238375663757, 0.7385621070861816, 0.7416587471961975, 0.7372962832450867, 0.7509363293647766, 0.7440758347511292, 0.7564966082572937, 0.7384898662567139, 0.7434210777282715, 0.7592067718505859, 0.75650554895401, 0.7506925463676453, 0.7514395117759705, 0.742911159992218, 0.7416666746139526, 0.7472923994064331, 0.7430683970451355, 0.7579737305641174, 0.761545717716217, 0.746666669845581, 0.7747663259506226, 0.7555761933326721, 0.767008364200592, 0.7367424368858337, 0.7681818008422852],