{"accuracy": [0.7039599418640137, 0.7495229244232178, 0.7406965494155884, 0.7466602921485901, 0.7566794157028198, 0.7440362572669983, 0.7497614622116089, 0.7545324563980103, 0.7454675436019897, 0.757156491279602, 0.7564408183097839, 0.7621660232543945, 0.7709923386573792, 0.7764790058135986, 0.7805343270301819, 0.7972328066825867, 0.7941316962242126, 0.805343508720398, 0.7969942688941956, 0.8139312863349915, 0.8074904680252075, 0.8172709941864014, 0.8249045610427856, 0.8277671933174133, 0.8241889476776123, 0.8246660232543945, 0.8315839767456055, 0.8280057311058044, 0.8227576613426208, 0.833730936050415, 0.8377862572669983, 0.833253800868988, 0.8408874273300171, 0.8354007601737976, 0.8432729244232178, 0.8499522805213928, 0.8392175436019897, 0.84375, 0.8399332165718079, 0.8489980697631836, 0.8418415784835815, 0.8404102921485901, 0.8532919883728027, 0.8494752049446106, 0.8489980697631836, 0.8501908183097839, 0.8549618124961853, 0.8447042107582092, 0.8540076613426208, 0.853769063949585, 0.8501908183097839, 0.8587786555290222, 0.8475667834281921, 0.8518607020378113, 0.850906491279602, 0.8535305261611938, 0.857824444770813, 0.8518607020378113, 0.8544847369194031, 0.8606870174407959, 0.8604484796524048, 0.8556774854660034, 0.8630725145339966, 0.8544847369194031, 0.8625954389572144, 0.8611640930175781, 0.8568702340126038, 0.8552004098892212, 0.8547232747077942, 0.8623568415641785, 0.8656965494155884, 0.8697519302368164, 0.8599713444709778, 0.867843508720398, 0.8680820465087891, 0.8561545610427856, 0.8709446787834167, 0.8630725145339966, 0.8590171933174133, 0.8707060813903809, 0.8699904680252075, 0.8656965494155884, 0.8664122223854065, 0.8733301758766174, 0.8730915784835815, 0.8726145029067993, 0.867843508720398, 0.8680820465087891, 0.8680820465087891, 0.8695133328437805], "f1_score": [0.13519160449504852, 0.020522378385066986, 0.010919013060629368, 0.013011150062084198, 0.019230766221880913, 0.007400553673505783, 0.01131008192896843, 0.028328608721494675, 0.02199816331267357, 0.04859812185168266, 0.09244443476200104, 0.1600673794746399, 0.19866441190242767, 0.26739639043807983, 0.3456614315509796, 0.3980169892311096, 0.41885513067245483, 0.4874371290206909, 0.46578776836395264, 0.527272641658783, 0.5321738123893738, 0.5632838606834412, 0.6006527543067932, 0.6015452146530151, 0.5970475673675537, 0.6100795269012451, 0.6236673593521118, 0.6238914728164673, 0.6237973570823669, 0.6420133113861084, 0.6551723480224609, 0.6431851983070374, 0.6639797687530518, 0.6543084979057312, 0.6719919443130493, 0.6824835538864136, 0.6718598008155823, 0.6809546947479248, 0.6689688563346863, 0.6943504810333252, 0.6646433472633362, 0.6702808737754822, 0.6947890520095825, 0.7008060216903687, 0.690161406993866, 0.694254994392395, 0.708532989025116, 0.6810386180877686, 0.695824921131134, 0.7076775431632996, 0.7006672620773315, 0.7089477777481079, 0.6984426379203796, 0.7066603302955627, 0.7050495147705078, 0.7033815979957581, 0.7175354361534119, 0.6963324546813965, 0.7009803652763367, 0.7229600548744202, 0.7156051993370056, 0.7166275978088379, 0.7297550439834595, 0.7081339359283447, 0.7254527807235718, 0.7228570580482483, 0.7134669423103333, 0.7085933089256287, 0.7073522210121155, 0.7253687977790833, 0.732032299041748, 0.74123215675354, 0.7198090553283691, 0.7396615743637085, 0.7306380271911621, 0.7270257472991943, 0.7420123219490051, 0.7224371433258057, 0.7242183685302734, 0.7368931770324707, 0.745920717716217, 0.7345591187477112, 0.7365944385528564, 0.7475035190582275, 0.7473884224891663, 0.7425264716148376, 0.7454043030738831, 0.7367919683456421, 0.7362898588180542, 0.7466419339179993], "loss": [0.6165086627006531, 0.5657857656478882, 0.5620913505554199, 0.5337095856666565, 0.5172649621963501, 0.5117641091346741, 0.49805647134780884, 0.4798640012741089, 0.4744516909122467, 0.4540032744407654, 0.4514610171318054, 0.44520899653434753, 0.42725279927253723, 0.42887261509895325, 0.43143725395202637, 0.41339966654777527, 0.4158666431903839, 0.4075276255607605, 0.4029925763607025, 0.3897666335105896, 0.40158137679100037, 0.39558646082878113, 0.38731521368026733, 0.37981122732162476, 0.37946265935897827, 0.3747430443763733, 0.37193742394447327, 0.3732445240020752, 0.38162949681282043, 0.36818474531173706, 0.3688846230506897, 0.3569166362285614, 0.3547391891479492, 0.36836254596710205, 0.35368791222572327, 0.3540637791156769, 0.3594731390476227, 0.3503044843673706, 0.3481380343437195, 0.338611900806427, 0.35333213210105896, 0.35257214307785034, 0.33681777119636536, 0.35059666633605957, 0.3360501825809479, 0.3398982882499695, 0.3323967158794403, 0.3511524796485901, 0.33151698112487793, 0.32928791642189026, 0.33209899067878723, 0.3290129601955414, 0.3358204960823059, 0.3330942392349243, 0.334056556224823, 0.3249163031578064, 0.3236851096153259, 0.3285001814365387, 0.321268767118454, 0.323310911655426, 0.3172524869441986, 0.3266933858394623, 0.310275137424469, 0.32126086950302124, 0.3200843632221222, 0.3180115520954132, 0.32004398107528687, 0.3177553713321686, 0.3184618353843689, 0.3211240768432617, 0.30972522497177124, 0.3069477081298828, 0.31624191999435425, 0.3083764314651489, 0.3101155757904053, 0.3192194700241089, 0.3018627166748047, 0.31051701307296753, 0.31693825125694275, 0.30488234758377075, 0.3010258078575134, 0.3081721365451813, 0.3032267987728119, 0.28866472840309143, 0.2992039918899536, 0.2981802225112915, 0.3106622099876404, 0.3038652241230011, 0.2977736294269562, 0.30440565943717957], "precision": [0.2559366822242737, 0.21153846383094788, 0.25, 0.46666666865348816, 0.4545454680919647, 0.3636363744735718, 0.75, 0.7142857313156128, 0.4444444477558136, 0.6842105388641357, 0.7123287916183472, 0.7251908183097839, 0.7256097793579102, 0.7124999761581421, 0.7546584010124207, 0.7394737005233765, 0.7300469279289246, 0.7293233275413513, 0.6696751117706299, 0.707317054271698, 0.6912650465965271, 0.6870653629302979, 0.713178277015686, 0.7208994626998901, 0.6850690245628357, 0.6788665652275085, 0.7108141183853149, 0.6937354803085327, 0.6746987700462341, 0.6991051435470581, 0.7083333134651184, 0.6840391159057617, 0.7003188133239746, 0.6954206824302673, 0.7061910033226013, 0.7191489338874817, 0.700507640838623, 0.6900296211242676, 0.6925433874130249, 0.7132936716079712, 0.6937698125839233, 0.6924643516540527, 0.7092198729515076, 0.7287968397140503, 0.7007952332496643, 0.709452748298645, 0.7266470193862915, 0.6977911591529846, 0.7085019946098328, 0.7120921015739441, 0.7087753415107727, 0.7268145084381104, 0.6845513582229614, 0.706994354724884, 0.6968283653259277, 0.7123287916183472, 0.718898355960846, 0.7155779004096985, 0.7023575901985168, 0.7355212569236755, 0.713178277015686, 0.7230623960494995, 0.7345971465110779, 0.6954887509346008, 0.7289271950721741, 0.7305101156234741, 0.7073863744735718, 0.7130434513092041, 0.7090559005737305, 0.7277936935424805, 0.7337786555290222, 0.7349624037742615, 0.7194656729698181, 0.74245285987854, 0.7302823662757874, 0.7208258509635925, 0.7291471362113953, 0.7287805080413818, 0.7205199599266052, 0.7249283790588379, 0.7332722544670105, 0.7307692170143127, 0.7352112531661987, 0.7478591799736023, 0.7452651262283325, 0.7368420958518982, 0.7386156916618347, 0.7206704020500183, 0.7331433892250061, 0.7428571581840515],